layer_index,conv_node,bn_node,batch,input_shape,before_mean_ms,after_mean_ms,before_p50_ms,after_p50_ms,before_p95_ms,after_p95_ms,speedup_percent,max_abs_diff,numerical_status,speed_status,status
0,/net/net.0/ConvTranspose,/net/net.1/BatchNormalization,1,1x128x1x1,0.1119209598749876,0.07516192018985748,0.10785599797964096,0.0721919983625412,0.1338720045983791,0.0917039979249239,48.90646698790761,3.0994415283203125e-06,pass,pass,pass
0,/net/net.0/ConvTranspose,/net/net.1/BatchNormalization,4,4x128x1x1,0.14761824145913124,0.1483622397482395,0.14555200189352036,0.1536799967288971,0.15986880287528038,0.16199999675154686,-0.5014741556684355,2.384185791015625e-06,pass,not_passed,not_passed
0,/net/net.0/ConvTranspose,/net/net.1/BatchNormalization,8,8x128x1x1,0.36583967834711073,0.34927520126104356,0.3646240085363388,0.34782399237155914,0.3789791941642761,0.36072638928890227,4.742528821474257,3.0994415283203125e-06,pass,not_passed,not_passed
0,/net/net.0/ConvTranspose,/net/net.1/BatchNormalization,16,16x128x1x1,0.38146464079618453,0.3004319995641708,0.3763680011034012,0.2990880012512207,0.4262287959456444,0.31951198875904085,26.97204071123107,3.337860107421875e-06,pass,pass,pass
0,/net/net.0/ConvTranspose,/net/net.1/BatchNormalization,32,32x128x1x1,0.6080214411020279,0.46850656002759933,0.5820479989051819,0.46515199542045593,0.7403216242790223,0.48957440108060835,29.77863982656079,3.814697265625e-06,pass,pass,pass
0,/net/net.0/ConvTranspose,/net/net.1/BatchNormalization,64,64x128x1x1,0.981130240559578,0.8479251182079315,0.9657920002937317,0.8601279854774475,1.1632800340652465,0.8971263766288757,15.709538435796343,4.291534423828125e-06,pass,pass,pass
1,/net/net.3/ConvTranspose,/net/net.4/BatchNormalization,1,1x768x4x4,0.18094783991575242,0.16791103944182395,0.18297600001096725,0.1659040004014969,0.1881584011018276,0.182217600941658,7.764111589842981,3.159046173095703e-06,pass,pass,pass
1,/net/net.3/ConvTranspose,/net/net.4/BatchNormalization,4,4x768x4x4,0.5807011222839356,0.5709507173299789,0.5771200060844421,0.5743519961833954,0.6374207735061644,0.6006815910339356,1.7077489629146791,3.4570693969726562e-06,pass,not_passed,not_passed
1,/net/net.3/ConvTranspose,/net/net.4/BatchNormalization,8,8x768x4x4,1.2204870390892029,1.258938239812851,1.2206239700317383,1.25409597158432,1.2518688023090363,1.3195343732833862,-3.0542563175588455,4.0531158447265625e-06,pass,not_passed,not_passed
1,/net/net.3/ConvTranspose,/net/net.4/BatchNormalization,16,16x768x4x4,2.6436335945129397,2.697985908985138,2.6419520378112793,2.682927966117859,2.670675265789032,2.8025567054748537,-2.0145514582262325,4.5299530029296875e-06,pass,not_passed,not_passed
1,/net/net.3/ConvTranspose,/net/net.4/BatchNormalization,32,32x768x4x4,5.507652821540833,5.532785248756409,5.521552085876465,5.492703914642334,5.8073646068573,5.636500763893127,-0.45424548551247224,4.291534423828125e-06,pass,not_passed,not_passed
1,/net/net.3/ConvTranspose,/net/net.4/BatchNormalization,64,64x768x4x4,11.402599420547485,11.194086742401122,11.477792263031006,11.129696369171143,11.50881929397583,11.415856218338012,1.8627037912485989,4.172325134277344e-06,pass,not_passed,not_passed
2,/net/net.6/ConvTranspose,/net/net.7/BatchNormalization,1,1x384x8x8,0.12418080039322377,0.10892927981913089,0.1188960000872612,0.10625599697232246,0.14051200300455094,0.12487199753522873,14.00130488277982,2.7418136596679688e-06,pass,pass,pass
2,/net/net.6/ConvTranspose,/net/net.7/BatchNormalization,4,4x384x8x8,0.34619263887405394,0.29294112116098403,0.3400000035762787,0.2903680056333542,0.3782112032175064,0.30716959983110426,18.17823237039018,3.337860107421875e-06,pass,pass,pass
2,/net/net.6/ConvTranspose,/net/net.7/BatchNormalization,8,8x384x8x8,0.624465281367302,0.5568518382310867,0.6205600202083588,0.5572960078716278,0.6808640033006668,0.5695487856864929,12.142088522325478,3.4570693969726562e-06,pass,pass,pass
2,/net/net.6/ConvTranspose,/net/net.7/BatchNormalization,16,16x384x8x8,1.3230019152164458,1.2633292758464814,1.321071982383728,1.2596799731254578,1.3784815847873688,1.2898352146148682,4.723443088895518,4.887580871582031e-06,pass,not_passed,not_passed
2,/net/net.6/ConvTranspose,/net/net.7/BatchNormalization,32,32x384x8x8,2.6590291023254395,2.6135279989242552,2.6194080114364624,2.604672074317932,2.877873623371124,2.708737647533417,1.7409839657318793,4.5299530029296875e-06,pass,not_passed,not_passed
2,/net/net.6/ConvTranspose,/net/net.7/BatchNormalization,64,64x384x8x8,4.749302406311035,4.66967812538147,4.764832019805908,4.658368110656738,4.796484661102295,4.736081600189209,1.7051342467648167,3.814697265625e-06,pass,not_passed,not_passed
3,/net/net.9/ConvTranspose,/net/net.10/BatchNormalization,1,1x192x16x16,0.1150560000538826,0.09694848060607911,0.11123199760913849,0.09532800316810608,0.13352160230278967,0.11108159646391869,18.67746594335804,6.9141387939453125e-06,pass,pass,pass
3,/net/net.9/ConvTranspose,/net/net.10/BatchNormalization,4,4x192x16x16,0.3709593603014946,0.32638784021139144,0.37009599804878235,0.32358400523662567,0.39929758608341215,0.3604592025279999,13.655998967742056,7.62939453125e-06,pass,pass,pass
3,/net/net.9/ConvTranspose,/net/net.10/BatchNormalization,8,8x192x16x16,0.6021308815479278,0.5131494385004044,0.5903039872646332,0.5099520087242126,0.6508416056632995,0.5325472027063369,17.34025926395968,8.58306884765625e-06,pass,pass,pass
3,/net/net.9/ConvTranspose,/net/net.10/BatchNormalization,16,16x192x16x16,1.1804339170455933,1.0962163197994232,1.1519839763641357,1.0959519743919373,1.3197887897491456,1.1088608503341675,7.68257101495986,1.33514404296875e-05,pass,pass,pass
3,/net/net.9/ConvTranspose,/net/net.10/BatchNormalization,32,32x192x16x16,2.215452797412872,2.1178742456436157,2.213823914527893,2.1116480827331543,2.2630464673042296,2.1623087763786315,4.6073817635759795,1.049041748046875e-05,pass,not_passed,not_passed
3,/net/net.9/ConvTranspose,/net/net.10/BatchNormalization,64,64x192x16x16,4.365461773872376,4.166578865051269,4.371440172195435,4.166912078857422,4.424744081497193,4.206763124465942,4.773290396332364,1.049041748046875e-05,pass,not_passed,not_passed
