Timestamp,User Count,Type,Name,Requests/s,Failures/s,50%,66%,75%,80%,90%,95%,98%,99%,99.9%,99.99%,100%,Total Request Count,Total Failure Count,Total Median Response Time,Total Average Response Time,Total Min Response Time,Total Max Response Time,Total Average Content Size
1787104004,0,,Aggregated,0.000000,0.000000,N/A,N/A,N/A,N/A,N/A,N/A,N/A,N/A,N/A,N/A,N/A,0,0,0,0.0,0,0,0
1787104005,4,POST,POST /generate,0.000000,0.000000,0,0,0,0,0,0,0,0,0,0,0,324,0,12,12.131168629641678,7.380700999874534,19.054931000027864,9387.632716049382
1787104005,4,,Aggregated,0.000000,0.000000,0,0,0,0,0,0,0,0,0,0,0,324,0,12,12.131168629641678,7.380700999874534,19.054931000027864,9387.632716049382
1787104006,4,POST,POST /generate,0.000000,0.000000,12,12,13,13,14,15,16,17,19,19,19,657,0,12,12.043953357696958,7.0708929997636005,19.054931000027864,9456.596651445967
1787104006,4,,Aggregated,0.000000,0.000000,12,12,13,13,14,15,16,17,19,19,19,657,0,12,12.043953357696958,7.0708929997636005,19.054931000027864,9456.596651445967
1787104007,4,POST,POST /generate,100.000000,0.000000,12,12,13,13,14,15,17,17,23,23,23,984,0,12,12.073308513223546,6.455561000166199,23.490645000038057,9456.363821138211
1787104007,4,,Aggregated,100.000000,0.000000,12,12,13,13,14,15,17,17,23,23,23,984,0,12,12.073308513223546,6.455561000166199,23.490645000038057,9456.363821138211
1787104008,4,POST,POST /generate,214.500000,0.000000,12,12,13,13,14,15,17,17,21,23,23,1316,0,12,12.055564848792542,5.500280000433122,23.490645000038057,9452.149696048633
1787104008,4,,Aggregated,214.500000,0.000000,12,12,13,13,14,15,17,17,21,23,23,1316,0,12,12.055564848792542,5.500280000433122,23.490645000038057,9452.149696048633
1787104009,4,POST,POST /generate,253.666667,0.000000,12,12,13,13,14,15,17,18,24,31,31,1634,0,12,12.139880217878321,5.500280000433122,31.11794500000542,9450.905140758874
1787104009,4,,Aggregated,253.666667,0.000000,12,12,13,13,14,15,17,18,24,31,31,1634,0,12,12.139880217878321,5.500280000433122,31.11794500000542,9450.905140758874
1787104010,4,POST,POST /generate,272.500000,0.000000,12,12,13,13,14,15,17,17,24,31,31,1965,0,12,12.121716519598802,5.500280000433122,31.11794500000542,9449.58524173028
1787104010,4,,Aggregated,272.500000,0.000000,12,12,13,13,14,15,17,17,24,31,31,1965,0,12,12.121716519598802,5.500280000433122,31.11794500000542,9449.58524173028
1787104011,4,POST,POST /generate,282.800000,0.000000,12,12,13,13,14,15,17,17,23,31,31,2296,0,12,12.104903484325163,5.500280000433122,31.11794500000542,9444.531358885017
1787104011,4,,Aggregated,282.800000,0.000000,12,12,13,13,14,15,17,17,23,31,31,2296,0,12,12.104903484325163,5.500280000433122,31.11794500000542,9444.531358885017
1787104012,4,POST,POST /generate,289.333333,0.000000,12,12,13,13,14,15,16,17,23,31,31,2624,0,12,12.103530152443325,5.500280000433122,31.11794500000542,9441.37881097561
1787104012,4,,Aggregated,289.333333,0.000000,12,12,13,13,14,15,16,17,23,31,31,2624,0,12,12.103530152443325,5.500280000433122,31.11794500000542,9441.37881097561
1787104013,4,POST,POST /generate,295.571429,0.000000,12,12,13,13,14,15,17,17,23,31,31,2949,0,12,12.119080562566479,5.500280000433122,31.11794500000542,9444.471007121057
1787104013,4,,Aggregated,295.571429,0.000000,12,12,13,13,14,15,17,17,23,31,31,2949,0,12,12.119080562566479,5.500280000433122,31.11794500000542,9444.471007121057
1787104014,4,POST,POST /generate,299.500000,0.000000,12,12,13,13,14,15,16,17,23,31,31,3276,0,12,12.126254246034968,5.500280000433122,31.11794500000542,9446.845848595849
1787104014,4,,Aggregated,299.500000,0.000000,12,12,13,13,14,15,16,17,23,31,31,3276,0,12,12.126254246034968,5.500280000433122,31.11794500000542,9446.845848595849
1787104015,4,POST,POST /generate,303.000000,0.000000,12,12,13,13,14,15,16,17,23,31,31,3603,0,12,12.130604332780619,5.500280000433122,31.11794500000542,9446.229808492923
1787104015,4,,Aggregated,303.000000,0.000000,12,12,13,13,14,15,16,17,23,31,31,3603,0,12,12.130604332780619,5.500280000433122,31.11794500000542,9446.229808492923
1787104016,4,POST,POST /generate,304.900000,0.000000,12,12,13,13,14,15,16,17,23,31,31,3939,0,12,12.105058157656268,5.500280000433122,31.11794500000542,9443.412033511044
1787104016,4,,Aggregated,304.900000,0.000000,12,12,13,13,14,15,16,17,23,31,31,3939,0,12,12.105058157656268,5.500280000433122,31.11794500000542,9443.412033511044
1787104017,4,POST,POST /generate,327.500000,0.000000,12,12,13,13,14,15,16,17,22,31,31,4269,0,12,12.101940240105085,5.500280000433122,31.11794500000542,9440.579761068166
1787104017,4,,Aggregated,327.500000,0.000000,12,12,13,13,14,15,16,17,22,31,31,4269,0,12,12.101940240105085,5.500280000433122,31.11794500000542,9440.579761068166
1787104018,4,POST,POST /generate,327.700000,0.000000,12,12,13,13,14,15,16,17,19,20,20,4600,0,12,12.09577916761062,5.500280000433122,31.11794500000542,9442.255
1787104018,4,,Aggregated,327.700000,0.000000,12,12,13,13,14,15,16,17,19,20,20,4600,0,12,12.09577916761062,5.500280000433122,31.11794500000542,9442.255
1787104019,4,POST,POST /generate,327.900000,0.000000,12,12,13,13,14,15,16,17,19,20,20,4924,0,12,12.10614269780935,5.500280000433122,31.11794500000542,9442.60641754671
1787104019,4,,Aggregated,327.900000,0.000000,12,12,13,13,14,15,16,17,19,20,20,4924,0,12,12.10614269780935,5.500280000433122,31.11794500000542,9442.60641754671
1787104020,4,POST,POST /generate,327.900000,0.000000,12,12,13,13,14,15,16,17,20,20,20,5255,0,12,12.099199643960127,5.500280000433122,31.11794500000542,9444.043577545195
1787104020,4,,Aggregated,327.900000,0.000000,12,12,13,13,14,15,16,17,20,20,20,5255,0,12,12.099199643960127,5.500280000433122,31.11794500000542,9444.043577545195
1787104021,4,POST,POST /generate,328.300000,0.000000,12,12,13,13,14,15,16,17,19,20,20,5590,0,12,12.086315233812057,4.813316000308987,31.11794500000542,9442.458676207514
1787104021,4,,Aggregated,328.300000,0.000000,12,12,13,13,14,15,16,17,19,20,20,5590,0,12,12.086315233812057,4.813316000308987,31.11794500000542,9442.458676207514
1787104022,4,POST,POST /generate,328.600000,0.000000,12,12,13,13,14,15,16,17,19,20,20,5920,0,12,12.08510606672432,4.813316000308987,31.11794500000542,9441.017060810811
1787104022,4,,Aggregated,328.600000,0.000000,12,12,13,13,14,15,16,17,19,20,20,5920,0,12,12.08510606672432,4.813316000308987,31.11794500000542,9441.017060810811
1787104023,4,POST,POST /generate,328.700000,0.000000,12,12,13,13,14,15,16,17,19,20,20,6246,0,12,12.092178008327338,4.813316000308987,31.11794500000542,9441.670829330771
1787104023,4,,Aggregated,328.700000,0.000000,12,12,13,13,14,15,16,17,19,20,20,6246,0,12,12.092178008327338,4.813316000308987,31.11794500000542,9441.670829330771
1787104024,4,POST,POST /generate,329.300000,0.000000,12,12,13,13,14,15,16,17,19,20,20,6575,0,12,12.089617240305584,4.813316000308987,31.11794500000542,9438.400152091255
1787104024,4,,Aggregated,329.300000,0.000000,12,12,13,13,14,15,16,17,19,20,20,6575,0,12,12.089617240305584,4.813316000308987,31.11794500000542,9438.400152091255
1787104025,4,POST,POST /generate,329.400000,0.000000,12,12,13,13,14,15,16,17,19,20,20,6906,0,12,12.0867566393008,4.813316000308987,31.11794500000542,9437.107298001738
1787104025,4,,Aggregated,329.400000,0.000000,12,12,13,13,14,15,16,17,19,20,20,6906,0,12,12.0867566393008,4.813316000308987,31.11794500000542,9437.107298001738
1787104026,4,POST,POST /generate,329.400000,0.000000,12,12,13,13,14,15,16,17,19,20,20,7237,0,12,12.083761275254206,4.813316000308987,31.11794500000542,9436.288240983833
1787104026,4,,Aggregated,329.400000,0.000000,12,12,13,13,14,15,16,17,19,20,20,7237,0,12,12.083761275254206,4.813316000308987,31.11794500000542,9436.288240983833
1787104027,4,POST,POST /generate,329.500000,0.000000,12,12,13,13,14,15,16,17,19,20,20,7560,0,12,12.09328947407605,4.813316000308987,31.11794500000542,9434.111243386244
1787104027,4,,Aggregated,329.500000,0.000000,12,12,13,13,14,15,16,17,19,20,20,7560,0,12,12.09328947407605,4.813316000308987,31.11794500000542,9434.111243386244
1787104028,4,POST,POST /generate,329.700000,0.000000,12,12,13,13,14,15,16,17,19,20,20,7888,0,12,12.094886823658099,4.813316000308987,31.11794500000542,9435.963362068966
1787104028,4,,Aggregated,329.700000,0.000000,12,12,13,13,14,15,16,17,19,20,20,7888,0,12,12.094886823658099,4.813316000308987,31.11794500000542,9435.963362068966
1787104029,4,POST,POST /generate,329.300000,0.000000,12,12,13,13,14,15,16,17,20,21,21,8212,0,12,12.102022789700253,4.813316000308987,31.11794500000542,9434.754018509499
1787104029,4,,Aggregated,329.300000,0.000000,12,12,13,13,14,15,16,17,20,21,21,8212,0,12,12.102022789700253,4.813316000308987,31.11794500000542,9434.754018509499
1787104030,4,POST,POST /generate,328.700000,0.000000,12,12,13,13,14,15,16,17,19,21,21,8541,0,12,12.102288396208985,4.813316000308987,31.11794500000542,9434.682355696053
1787104030,4,,Aggregated,328.700000,0.000000,12,12,13,13,14,15,16,17,19,21,21,8541,0,12,12.102288396208985,4.813316000308987,31.11794500000542,9434.682355696053
1787104031,4,POST,POST /generate,329.000000,0.000000,12,12,13,13,14,15,16,17,19,21,21,8866,0,12,12.107044069256045,4.813316000308987,31.11794500000542,9433.62790435371
1787104031,4,,Aggregated,329.000000,0.000000,12,12,13,13,14,15,16,17,19,21,21,8866,0,12,12.107044069256045,4.813316000308987,31.11794500000542,9433.62790435371
1787104032,4,POST,POST /generate,328.300000,0.000000,12,12,13,13,14,15,16,17,19,21,21,9194,0,12,12.107159234394251,4.813316000308987,31.11794500000542,9434.953556667391
1787104032,4,,Aggregated,328.300000,0.000000,12,12,13,13,14,15,16,17,19,21,21,9194,0,12,12.107159234394251,4.813316000308987,31.11794500000542,9434.953556667391
1787104033,4,POST,POST /generate,327.800000,0.000000,12,12,13,13,14,15,16,17,20,22,22,9510,0,12,12.123985933019691,4.813316000308987,31.11794500000542,9433.691798107255
1787104033,4,,Aggregated,327.800000,0.000000,12,12,13,13,14,15,16,17,20,22,22,9510,0,12,12.123985933019691,4.813316000308987,31.11794500000542,9433.691798107255
