timestamp_utc,elapsed_seconds,phase,concurrency,phase_status,service_pid,service_alive,health_ok,health_code,health_detail,gpu_index,gpu_name,gpu_memory_used_mb,gpu_memory_total_mb,gpu_memory_percent,gpu_sm_percent,service_rss_mb,service_vms_mb,service_cpu_percent,system_memory_used_mb,system_memory_percent
2026-08-19T01:45:04.623478+00:00,0.00014800299959460972,,,not_started,58,True,True,200,ok,0,Tesla T4,677.1875,15360.0,4.408772786458334,0,1068.26171875,51076.35546875,0.0,1537.61328125,6.2
2026-08-19T01:45:09.630502+00:00,5.007614064999871,stage_01,1,running,58,True,True,200,ok,0,Tesla T4,677.1875,15360.0,4.408772786458334,0,1068.30078125,51076.35546875,0.2,1538.2421875,6.2
2026-08-19T01:45:14.640745+00:00,10.014542555999924,stage_01,1,running,58,True,True,200,ok,0,Tesla T4,677.1875,15360.0,4.408772786458334,9,1068.765625,51148.375,50.9,1589.30859375,6.4
2026-08-19T01:45:19.648678+00:00,15.024893574999624,stage_01,1,running,58,True,True,200,ok,0,Tesla T4,677.1875,15360.0,4.408772786458334,9,1068.8671875,51148.375,85.4,1589.3671875,6.4
2026-08-19T01:45:24.657515+00:00,20.032966307999686,stage_01,1,running,58,True,True,200,ok,0,Tesla T4,677.1875,15360.0,4.408772786458334,9,1068.8671875,51148.375,85.9,1587.828125,6.4
2026-08-19T01:45:29.666312+00:00,25.04178032799973,stage_01,1,running,58,True,True,200,ok,0,Tesla T4,677.1875,15360.0,4.408772786458334,9,1068.875,51148.375,86.1,1587.9765625,6.4
2026-08-19T01:45:34.676288+00:00,30.050643336999656,stage_01,1,running,58,True,True,200,ok,0,Tesla T4,677.1875,15360.0,4.408772786458334,8,1068.8828125,51148.375,86.2,1582.16796875,6.4
2026-08-19T01:45:39.684950+00:00,35.060367956999926,stage_01,1,running,58,True,True,200,ok,0,Tesla T4,677.1875,15360.0,4.408772786458334,9,1068.88671875,51148.375,86.0,1582.43359375,6.4
2026-08-19T01:45:44.691670+00:00,40.06962704899979,cooldown_after_stage_01,1,cooldown,58,True,True,200,ok,0,Tesla T4,677.1875,15360.0,4.408772786458334,0,1068.88671875,51148.375,25.8,1530.8515625,6.2
2026-08-19T01:45:49.698191+00:00,45.07584502599957,cooldown_after_stage_01,1,cooldown,58,True,True,200,ok,0,Tesla T4,677.1875,15360.0,4.408772786458334,0,1068.890625,51148.375,0.2,1530.71484375,6.2
2026-08-19T01:45:54.704388+00:00,50.082249107999814,cooldown_after_stage_01,1,cooldown,58,True,True,200,ok,0,Tesla T4,677.1875,15360.0,4.408772786458334,0,1068.890625,51148.375,0.2,1532.01953125,6.2
2026-08-19T01:45:59.715116+00:00,55.088530438999896,stage_02,2,running,58,True,True,200,ok,0,Tesla T4,677.1875,15360.0,4.408772786458334,12,1069.11328125,51220.39453125,40.1,1562.05859375,6.3
2026-08-19T01:46:04.729180+00:00,60.10037301899956,stage_02,2,running,58,True,True,200,ok,0,Tesla T4,677.1875,15360.0,4.408772786458334,12,1070.97265625,51652.51171875,118.9,1575.55859375,6.4
2026-08-19T01:46:09.740622+00:00,65.11315291599976,stage_02,2,running,58,True,True,200,ok,0,Tesla T4,677.1875,15360.0,4.408772786458334,11,1070.9765625,51652.51171875,120.1,1575.375,6.4
2026-08-19T01:46:14.752087+00:00,70.12563076099968,stage_02,2,running,58,True,True,200,ok,0,Tesla T4,677.1875,15360.0,4.408772786458334,12,1070.9765625,51652.51171875,119.5,1580.671875,6.4
2026-08-19T01:46:19.769378+00:00,75.13671261499985,stage_02,2,running,58,True,True,200,ok,0,Tesla T4,677.1875,15360.0,4.408772786458334,11,1071.078125,51652.51171875,119.7,1581.015625,6.4
2026-08-19T01:46:24.782439+00:00,80.1546573329997,stage_02,2,running,58,True,True,200,ok,0,Tesla T4,677.1875,15360.0,4.408772786458334,12,1071.21875,51652.51171875,119.2,1585.86328125,6.4
2026-08-19T01:46:29.789384+00:00,85.16680085600001,cooldown_after_stage_02,2,cooldown,58,True,True,200,ok,0,Tesla T4,677.1875,15360.0,4.408772786458334,0,1071.22265625,51652.51171875,71.4,1546.48828125,6.3
2026-08-19T01:46:34.795944+00:00,90.17365279299975,cooldown_after_stage_02,2,cooldown,58,True,True,200,ok,0,Tesla T4,677.1875,15360.0,4.408772786458334,0,1071.2265625,51652.51171875,0.4,1549.82421875,6.3
2026-08-19T01:46:39.802141+00:00,95.17995934099963,cooldown_after_stage_02,2,cooldown,58,True,True,200,ok,0,Tesla T4,677.1875,15360.0,4.408772786458334,0,1071.2265625,51652.51171875,0.2,1549.7734375,6.3
2026-08-19T01:46:44.814996+00:00,100.1865480499996,stage_03,4,running,58,True,True,200,ok,0,Tesla T4,677.1875,15360.0,4.408772786458334,4,1071.27734375,51652.51171875,3.2,1580.640625,6.4
2026-08-19T01:46:49.836187+00:00,105.19910141899982,stage_03,4,running,58,True,True,200,ok,0,Tesla T4,677.1875,15360.0,4.408772786458334,11,1071.29296875,51652.51171875,126.8,1580.734375,6.4
2026-08-19T01:46:54.855832+00:00,110.22203104499977,stage_03,4,running,58,True,True,200,ok,0,Tesla T4,677.1875,15360.0,4.408772786458334,12,1071.34375,51652.51171875,126.9,1585.0546875,6.4
2026-08-19T01:46:59.866791+00:00,115.23998154799983,stage_03,4,running,58,True,True,200,ok,0,Tesla T4,677.1875,15360.0,4.408772786458334,12,1071.34375,51652.51171875,127.3,1585.37890625,6.4
2026-08-19T01:47:04.884466+00:00,120.25120890399967,stage_03,4,running,58,True,True,200,ok,0,Tesla T4,677.1875,15360.0,4.408772786458334,12,1071.39453125,51652.51171875,127.1,1587.03125,6.4
2026-08-19T01:47:09.903275+00:00,125.26856400199995,stage_03,4,running,58,True,True,200,ok,0,Tesla T4,677.1875,15360.0,4.408772786458334,12,1071.4453125,51652.51171875,127.1,1587.3984375,6.4
2026-08-19T01:47:14.910017+00:00,130.28780700499965,cooldown_after_stage_03,4,cooldown,58,True,True,200,ok,0,Tesla T4,677.1875,15360.0,4.408772786458334,0,1071.44921875,51652.51171875,113.8,1533.21484375,6.2
2026-08-19T01:47:19.916594+00:00,135.29434655899968,cooldown_after_stage_03,4,cooldown,58,True,True,200,ok,0,Tesla T4,677.1875,15360.0,4.408772786458334,0,1071.44921875,51652.51171875,0.2,1533.1015625,6.2
2026-08-19T01:47:24.923607+00:00,140.30128384699992,cooldown_after_stage_03,4,cooldown,58,True,True,200,ok,0,Tesla T4,677.1875,15360.0,4.408772786458334,0,1071.44921875,51652.51171875,0.4,1533.203125,6.2
2026-08-19T01:47:29.930675+00:00,145.30788748099985,stage_04,8,running,58,True,True,200,ok,0,Tesla T4,677.1875,15360.0,4.408772786458334,0,1071.44921875,51652.51171875,0.4,1541.9453125,6.3
2026-08-19T01:47:34.964137+00:00,150.31489778199966,stage_04,8,running,58,True,True,200,ok,0,Tesla T4,677.1875,15360.0,4.408772786458334,12,1071.86328125,51652.51171875,96.1,1572.6015625,6.4
2026-08-19T01:47:39.984693+00:00,155.3484774409999,stage_04,8,running,58,True,True,200,ok,0,Tesla T4,677.1875,15360.0,4.408772786458334,13,1071.87109375,51652.51171875,132.5,1572.484375,6.4
2026-08-19T01:47:45.018392+00:00,160.3704541699999,stage_04,8,running,58,True,True,200,ok,0,Tesla T4,677.1875,15360.0,4.408772786458334,12,1071.87109375,51652.51171875,132.6,1577.375,6.4
2026-08-19T01:47:50.054968+00:00,165.40279627899963,stage_04,8,running,58,True,True,200,ok,0,Tesla T4,677.1875,15360.0,4.408772786458334,12,1071.875,51652.51171875,133.0,1576.88671875,6.4
2026-08-19T01:47:55.081483+00:00,170.44080369899984,stage_04,8,running,58,True,True,200,ok,0,Tesla T4,677.1875,15360.0,4.408772786458334,12,1071.92578125,51652.51171875,132.4,1582.6796875,6.4
2026-08-19T01:48:00.111203+00:00,175.46619389299985,stage_04,8,running,58,True,True,200,ok,0,Tesla T4,677.1875,15360.0,4.408772786458334,12,1071.9296875,51652.51171875,132.5,1582.16796875,6.4
2026-08-19T01:48:05.117780+00:00,180.4955057719999,cooldown_after_stage_04,8,cooldown,58,True,True,200,ok,0,Tesla T4,677.1875,15360.0,4.408772786458334,0,1071.9296875,51652.51171875,24.7,1551.9296875,6.3
2026-08-19T01:48:10.124396+00:00,185.50215287799983,cooldown_after_stage_04,8,cooldown,58,True,True,200,ok,0,Tesla T4,677.1875,15360.0,4.408772786458334,0,1071.9375,51652.51171875,0.2,1551.83203125,6.3
2026-08-19T01:48:15.131095+00:00,190.5086154419996,cooldown_after_stage_04,8,cooldown,58,True,True,200,ok,0,Tesla T4,677.1875,15360.0,4.408772786458334,0,1071.94140625,51652.51171875,0.2,1549.89453125,6.3
2026-08-19T01:48:20.195143+00:00,195.51579790799997,stage_05,16,running,58,True,True,200,ok,0,Tesla T4,677.1875,15360.0,4.408772786458334,12,1072.109375,51652.51171875,60.9,1587.703125,6.4
2026-08-19T01:48:25.240545+00:00,200.58028850499977,stage_05,16,running,58,True,True,200,ok,0,Tesla T4,677.1875,15360.0,4.408772786458334,12,1072.12109375,51653.51171875,132.5,1595.60546875,6.4
2026-08-19T01:48:30.296773+00:00,205.625612672,stage_05,16,running,58,True,True,200,ok,0,Tesla T4,677.1875,15360.0,4.408772786458334,12,1072.12109375,51653.51171875,133.9,1595.51953125,6.4
2026-08-19T01:48:35.350157+00:00,210.68183298999975,stage_05,16,running,58,True,True,200,ok,0,Tesla T4,677.1875,15360.0,4.408772786458334,13,1072.1875,51653.51171875,133.1,1592.16796875,6.4
2026-08-19T01:48:40.404522+00:00,215.7348184829998,stage_05,16,running,58,True,True,200,ok,0,Tesla T4,677.1875,15360.0,4.408772786458334,13,1072.25,51653.51171875,133.0,1591.8203125,6.4
2026-08-19T01:48:45.456728+00:00,220.79078140699994,stage_05,16,running,58,True,True,200,ok,0,Tesla T4,677.1875,15360.0,4.408772786458334,13,1072.25,51653.51171875,133.3,1600.625,6.4
2026-08-19T01:48:50.465201+00:00,225.8428696179999,cooldown_after_stage_05,16,cooldown,58,True,True,200,ok,0,Tesla T4,677.1875,15360.0,4.408772786458334,0,1072.296875,51653.51171875,58.6,1568.8671875,6.3
2026-08-19T01:48:55.471602+00:00,230.8493901009997,cooldown_after_stage_05,16,cooldown,58,True,True,200,ok,0,Tesla T4,677.1875,15360.0,4.408772786458334,0,1072.296875,51653.51171875,0.2,1565.9609375,6.3
2026-08-19T01:49:00.477942+00:00,235.8556598819996,cooldown_after_stage_05,16,cooldown,58,True,True,200,ok,0,Tesla T4,677.1875,15360.0,4.408772786458334,0,1072.296875,51653.51171875,0.2,1565.91796875,6.3
2026-08-19T01:49:05.503100+00:00,240.86219552699959,stage_06,32,running,58,True,True,200,ok,0,Tesla T4,677.1875,15360.0,4.408772786458334,13,1072.30078125,51653.51171875,26.0,1424.65234375,5.9
2026-08-19T01:49:10.623418+00:00,245.8874159369998,stage_06,32,running,58,True,True,200,ok,0,Tesla T4,677.1875,15360.0,4.408772786458334,13,1072.83984375,51653.51171875,134.3,1425.0234375,5.9
2026-08-19T01:49:15.749163+00:00,251.010303388,stage_06,32,running,58,True,True,200,ok,0,Tesla T4,677.1875,15360.0,4.408772786458334,13,1072.9453125,51653.51171875,132.7,1437.84765625,5.9
2026-08-19T01:49:20.868727+00:00,256.134907141,stage_06,32,running,58,True,True,200,ok,0,Tesla T4,677.1875,15360.0,4.408772786458334,12,1072.9453125,51653.51171875,132.9,1438.4765625,5.9
2026-08-19T01:49:25.996024+00:00,261.25387493699964,stage_06,32,running,58,True,True,200,ok,0,Tesla T4,677.1875,15360.0,4.408772786458334,11,1072.94921875,51653.51171875,129.9,1455.83984375,6.0
2026-08-19T01:49:31.108189+00:00,266.38096163,stage_06,32,running,58,True,True,200,ok,0,Tesla T4,677.1875,15360.0,4.408772786458334,12,1072.94921875,51653.51171875,130.3,1451.22265625,6.0
2026-08-19T01:49:36.114982+00:00,271.492552831,cooldown_after_stage_06,32,cooldown,58,True,True,200,ok,0,Tesla T4,677.1875,15360.0,4.408772786458334,0,1072.94921875,51653.51171875,85.1,1406.5625,5.8
2026-08-19T01:49:41.121432+00:00,276.4989916789996,cooldown_after_stage_06,32,cooldown,58,True,True,200,ok,0,Tesla T4,677.1875,15360.0,4.408772786458334,0,1072.94921875,51653.51171875,0.4,1406.71875,5.8
2026-08-19T01:49:46.127937+00:00,281.5054923189996,cooldown_after_stage_06,32,cooldown,58,True,True,200,ok,0,Tesla T4,677.1875,15360.0,4.408772786458334,0,1072.94921875,51653.51171875,0.2,1417.546875,5.9
2026-08-19T01:49:51.157162+00:00,286.5123901859997,stage_07,48,running,58,True,True,200,ok,0,Tesla T4,677.1875,15360.0,4.408772786458334,0,1072.94921875,51653.51171875,1.0,1445.015625,6.0
2026-08-19T01:49:56.292656+00:00,291.54262863899976,stage_07,48,running,58,True,True,200,ok,0,Tesla T4,677.1875,15360.0,4.408772786458334,13,1072.95703125,51653.51171875,132.9,1450.796875,6.0
2026-08-19T01:50:01.443110+00:00,296.67770863299984,stage_07,48,running,58,True,True,200,ok,0,Tesla T4,677.1875,15360.0,4.408772786458334,13,1073.4453125,51653.51171875,133.4,1450.9140625,6.0
2026-08-19T01:50:06.620939+00:00,301.82785566699977,stage_07,48,running,58,True,True,200,ok,0,Tesla T4,677.1875,15360.0,4.408772786458334,12,1073.6328125,51653.51171875,133.3,1445.38671875,6.0
2026-08-19T01:50:11.780788+00:00,307.00624867199986,stage_07,48,running,58,True,True,200,ok,0,Tesla T4,677.1875,15360.0,4.408772786458334,13,1073.8203125,51653.51171875,132.7,1445.52734375,6.0
2026-08-19T01:50:16.941362+00:00,312.1652830769999,stage_07,48,running,58,True,True,200,ok,0,Tesla T4,677.1875,15360.0,4.408772786458334,13,1073.8671875,51653.51171875,133.0,1438.99609375,5.9
2026-08-19T01:50:21.948895+00:00,317.3265351199998,cooldown_after_stage_07,48,cooldown,58,True,True,200,ok,0,Tesla T4,677.1875,15360.0,4.408772786458334,0,1073.87109375,51653.51171875,108.0,1403.0234375,5.8
2026-08-19T01:50:26.955499+00:00,322.3329637369998,cooldown_after_stage_07,48,cooldown,58,True,True,200,ok,0,Tesla T4,677.1875,15360.0,4.408772786458334,0,1073.87109375,51653.51171875,0.2,1408.35546875,5.8
2026-08-19T01:50:31.961805+00:00,327.3394165799996,cooldown_after_stage_07,48,cooldown,58,True,True,200,ok,0,Tesla T4,677.1875,15360.0,4.408772786458334,0,1073.87109375,51653.51171875,0.4,1408.31640625,5.8
2026-08-19T01:50:36.968909+00:00,332.34629123199966,stage_08,64,running,58,True,True,200,ok,0,Tesla T4,677.1875,15360.0,4.408772786458334,0,1073.87109375,51653.51171875,0.2,1415.81640625,5.9
2026-08-19T01:50:42.107106+00:00,337.3531724309996,stage_08,64,running,58,True,True,200,ok,0,Tesla T4,677.1875,15360.0,4.408772786458334,13,1073.875,51653.51171875,112.2,1437.8515625,5.9
2026-08-19T01:50:47.338281+00:00,342.49172492499974,stage_08,64,running,58,True,True,200,ok,0,Tesla T4,677.1875,15360.0,4.408772786458334,14,1074.4375,51653.51171875,131.8,1436.6015625,5.9
2026-08-19T01:50:52.564169+00:00,347.72392505499965,stage_08,64,running,58,True,True,200,ok,0,Tesla T4,677.1875,15360.0,4.408772786458334,13,1074.53125,51653.51171875,133.0,1436.94921875,5.9
2026-08-19T01:50:57.802959+00:00,352.95092892799994,stage_08,64,running,58,True,True,200,ok,0,Tesla T4,677.1875,15360.0,4.408772786458334,11,1074.71875,51653.51171875,132.0,1429.98046875,5.9
2026-08-19T01:51:03.127405+00:00,358.18720275099986,stage_08,64,running,58,True,True,200,ok,0,Tesla T4,677.1875,15360.0,4.408772786458334,13,1074.71875,51653.51171875,133.4,1433.40234375,5.9
2026-08-19T01:51:08.133780+00:00,363.5119699869997,cooldown_after_stage_08,64,cooldown,58,True,True,200,ok,0,Tesla T4,677.1875,15360.0,4.408772786458334,0,1074.8671875,51653.51171875,121.7,1409.609375,5.8
2026-08-19T01:51:13.140111+00:00,368.51776437399985,cooldown_after_stage_08,64,cooldown,58,True,True,200,ok,0,Tesla T4,677.1875,15360.0,4.408772786458334,0,1074.8671875,51653.51171875,0.2,1401.89453125,5.8
2026-08-19T01:51:18.146759+00:00,373.52423880599963,cooldown_after_stage_08,64,cooldown,58,True,True,200,ok,0,Tesla T4,677.1875,15360.0,4.408772786458334,0,1074.8671875,51653.51171875,0.4,1397.21875,5.8
2026-08-19T01:51:23.153650+00:00,378.5309005559998,stage_09,80,running,58,True,True,200,ok,0,Tesla T4,677.1875,15360.0,4.408772786458334,0,1074.8671875,51653.51171875,0.2,1400.3984375,5.8
2026-08-19T01:51:28.262312+00:00,383.5377976259997,stage_09,80,running,58,True,True,200,ok,0,Tesla T4,677.1875,15360.0,4.408772786458334,12,1074.8671875,51653.51171875,96.6,1426.8515625,5.9
2026-08-19T01:51:33.543527+00:00,388.6465066859996,stage_09,80,running,58,True,True,200,ok,0,Tesla T4,677.1875,15360.0,4.408772786458334,12,1074.9140625,51653.51171875,133.3,1430.72265625,5.9
2026-08-19T01:51:38.823423+00:00,393.92813727799967,stage_09,80,running,58,True,True,200,ok,0,Tesla T4,677.1875,15360.0,4.408772786458334,13,1075.0625,51653.51171875,132.9,1430.44140625,5.9
2026-08-19T01:51:44.085233+00:00,399.2089111749997,stage_09,80,running,58,True,True,200,ok,0,Tesla T4,677.1875,15360.0,4.408772786458334,13,1075.16015625,51653.51171875,132.8,1444.7421875,6.0
2026-08-19T01:51:49.481061+00:00,404.46999832699976,stage_09,80,running,58,True,True,200,ok,0,Tesla T4,677.1875,15360.0,4.408772786458334,14,1075.20703125,51653.51171875,133.4,1444.1953125,6.0
2026-08-19T01:51:54.487193+00:00,409.8654611139996,cooldown_after_stage_09,80,cooldown,58,True,True,200,ok,0,Tesla T4,677.1875,15360.0,4.408772786458334,13,1075.48828125,51653.51171875,131.3,1397.390625,5.8
2026-08-19T01:51:59.493521+00:00,414.87115875599966,cooldown_after_stage_09,80,cooldown,58,True,True,200,ok,0,Tesla T4,677.1875,15360.0,4.408772786458334,0,1075.48828125,51653.51171875,0.2,1397.2890625,5.8
2026-08-19T01:52:04.500124+00:00,419.8776122749996,cooldown_after_stage_09,80,cooldown,58,True,True,200,ok,0,Tesla T4,677.1875,15360.0,4.408772786458334,0,1075.48828125,51653.51171875,0.4,1398.74609375,5.8
2026-08-19T01:52:09.507649+00:00,424.8842610679999,stage_10,96,running,58,True,True,200,ok,0,Tesla T4,677.1875,15360.0,4.408772786458334,0,1075.49609375,51653.51171875,0.2,1399.4765625,5.8
2026-08-19T01:52:14.591822+00:00,429.8916547189997,stage_10,96,running,58,True,True,200,ok,0,Tesla T4,677.1875,15360.0,4.408772786458334,12,1075.49609375,51653.51171875,87.6,1440.73828125,5.9
2026-08-19T01:52:19.823951+00:00,434.9765030829999,stage_10,96,running,58,True,True,200,ok,0,Tesla T4,677.1875,15360.0,4.408772786458334,11,1075.49609375,51653.51171875,133.6,1440.15625,5.9
2026-08-19T01:52:25.134447+00:00,440.2083320739998,stage_10,96,running,58,True,True,200,ok,0,Tesla T4,677.1875,15360.0,4.408772786458334,11,1076.16796875,51653.51171875,132.6,1433.82421875,5.9
2026-08-19T01:52:30.432809+00:00,445.5190884619997,stage_10,96,running,58,True,True,200,ok,0,Tesla T4,677.1875,15360.0,4.408772786458334,11,1076.2890625,51653.51171875,132.5,1433.265625,5.9
2026-08-19T01:52:35.796082+00:00,450.823108092,stage_10,96,running,58,True,True,200,ok,0,Tesla T4,677.1875,15360.0,4.408772786458334,11,1076.4296875,51653.51171875,132.6,1431.625,5.9
2026-08-19T01:52:41.139063+00:00,456.18070196599956,stage_10,96,running,58,True,True,200,ok,0,Tesla T4,677.1875,15360.0,4.408772786458334,10,1076.4765625,51653.51171875,132.2,1387.34375,5.8
2026-08-19T01:52:46.146840+00:00,461.52427627,cooldown_after_stage_10,96,cooldown,58,True,True,200,ok,0,Tesla T4,677.1875,15360.0,4.408772786458334,0,1076.5,51653.51171875,9.2,1391.26953125,5.8
2026-08-19T01:52:51.153301+00:00,466.530925563,cooldown_after_stage_10,96,cooldown,58,True,True,200,ok,0,Tesla T4,677.1875,15360.0,4.408772786458334,0,1076.5,51653.51171875,0.2,1391.26171875,5.8
2026-08-19T01:52:56.159711+00:00,471.5374792049997,cooldown_after_stage_10,96,cooldown,58,True,True,200,ok,0,Tesla T4,677.1875,15360.0,4.408772786458334,0,1076.5,51653.51171875,0.2,1390.92578125,5.8
2026-08-19T01:53:01.242239+00:00,476.54446389199984,stage_11,128,running,58,True,True,200,ok,0,Tesla T4,677.1875,15360.0,4.408772786458334,13,1076.5,51653.51171875,85.6,1427.1875,5.9
2026-08-19T01:53:06.493127+00:00,481.62910519399975,stage_11,128,running,58,True,True,200,ok,0,Tesla T4,677.1875,15360.0,4.408772786458334,5,1076.5,51653.51171875,132.5,1431.38671875,5.9
2026-08-19T01:53:11.867988+00:00,486.8781438589999,stage_11,128,running,58,True,True,200,ok,0,Tesla T4,677.1875,15360.0,4.408772786458334,13,1076.61328125,51653.51171875,133.2,1430.99609375,5.9
2026-08-19T01:53:17.297405+00:00,492.2524287919996,stage_11,128,running,58,True,True,200,ok,0,Tesla T4,677.1875,15360.0,4.408772786458334,12,1077.2578125,51653.51171875,131.2,1441.07421875,5.9
2026-08-19T01:53:22.791338+00:00,497.68457623899985,stage_11,128,running,58,True,True,200,ok,0,Tesla T4,677.1875,15360.0,4.408772786458334,14,1077.3984375,51653.51171875,133.5,1441.00390625,5.9
2026-08-19T01:53:27.959905+00:00,503.1770199729999,stage_11_u0128,128,passed,58,True,True,200,ok,0,Tesla T4,677.1875,15360.0,4.408772786458334,12,1077.83984375,51653.51171875,131.5,1384.828125,5.8
