timestamp,queue_depth,actual_batch_size,gpu_memory_used_mb,gpu_sm_utilization_percent,rss_mb,inflight,model_version
1788337883.2596445,0,1,677.1875,0,1072.57421875,0,qat-int8-v1
1788337888.2640479,0,1,677.1875,0,1076.9296875,0,qat-int8-v1
1788337893.2673984,0,1,677.1875,0,1077.94921875,0,qat-int8-v1
1788337898.2693498,0,1,677.1875,0,1077.9609375,0,qat-int8-v1
1788337903.2713048,0,1,677.1875,0,1077.96484375,0,qat-int8-v1
1788337908.2732835,0,1,677.1875,0,1078.953125,0,qat-int8-v1
1788337913.2752163,0,1,677.1875,0,1078.95703125,0,qat-int8-v1
1788337918.2770684,0,1,677.1875,0,1078.9609375,0,qat-int8-v1
1788337923.2791343,0,1,677.1875,0,1078.9609375,0,qat-int8-v1
1788337928.2809858,0,1,677.1875,0,1078.9609375,0,qat-int8-v1
1788337933.282814,0,1,677.1875,0,1078.9609375,0,qat-int8-v1
1788337938.2846515,0,1,677.1875,0,1078.9609375,0,qat-int8-v1
1788337943.286555,0,1,677.1875,0,1078.9609375,0,qat-int8-v1
1788337948.288466,0,1,677.1875,0,1078.9609375,0,qat-int8-v1
1788337953.2903805,0,1,677.1875,0,1078.9609375,0,qat-int8-v1
1788337958.2922516,0,1,677.1875,0,1078.9609375,0,qat-int8-v1
1788337963.2943027,60,1,677.1875,0,1078.9609375,0,qat-int8-v1
1788337968.296284,60,1,677.1875,0,1078.9609375,0,qat-int8-v1
1788337973.2982438,60,1,677.1875,0,1078.9609375,0,qat-int8-v1
1788337978.3000562,60,1,677.1875,0,1078.9609375,0,qat-int8-v1
1788337983.3018646,60,1,677.1875,0,1078.96484375,0,qat-int8-v1
1788337988.3037467,60,1,677.1875,0,1078.96484375,0,qat-int8-v1
1788337993.3056128,60,1,677.1875,0,1078.96484375,0,qat-int8-v1
1788337998.3074987,0,1,677.1875,0,1078.96875,0,qat-int8-v1
1788338003.3094356,0,1,677.1875,0,1078.96875,0,qat-int8-v1
1788338008.3113592,0,1,677.1875,0,1078.98828125,0,qat-int8-v1
1788338013.313076,0,1,677.1875,0,1079.0,0,qat-int8-v1
1788338018.3149457,0,1,677.1875,0,1079.0546875,0,qat-int8-v1
1788338023.3173945,0,1,677.1875,0,1079.07421875,0,qat-int8-v1
1788338028.3193023,0,1,677.1875,0,1079.078125,0,qat-int8-v1
1788338033.3212492,0,1,677.1875,0,1079.08984375,0,qat-int8-v1
1788338038.323746,0,1,677.1875,0,1079.11328125,0,qat-int8-v1
1788338043.3260016,0,1,677.1875,0,1079.15234375,0,qat-int8-v1
1788338048.328053,0,1,677.1875,0,1079.15234375,0,qat-int8-v1
1788338053.3298771,0,1,677.1875,0,1079.15234375,0,qat-int8-v1
1788338058.3317182,0,1,677.1875,0,1079.15234375,0,qat-int8-v1
1788338063.3334932,0,1,677.1875,0,1079.15234375,0,qat-int8-v1
